Loop,Time,r0-A,p0-C0,p1-C0,p0-Cpa,p1-Cpa,r0-E,r0-Hp,p0-K,p1-K,Value,p0-eps,p1-eps,p0-ka,p1-ka,r0-n,r0-nO2,p0-rho,p1-rho,
-1,0,2.46e+12,1.0,0.0,1728.2124672326768,1207.827666820151,1.74e+05,98563.48007239989,8693.301424360974,0.0,5.710151165394211e-05,0.9855728569074454,0.7783966669836273,0.2655489176905551,0.20095223398257378,0.9971869158432867,0.0,1683.0,1235.0,
0,38.4910,2.50e+12,1.0,0.0,1594.3169651958692,1161.3567882649595,1.76e+05,100421.36728791402,9593.467642762695,0.0,5.532452207040404e-05,0.8664836547405292,0.9188220307065592,0.2904531023584317,0.1995902310225054,1.1984860084294402,0.0,1683.0,1235.0,
1,79.4360,2.50e+12,1.0,0.0,1594.3169651958692,1161.3567882649595,1.76e+05,100421.36728791402,9593.467642762695,0.0,5.532452207040404e-05,0.8664836547405292,0.9188220307065592,0.2904531023584317,0.1995902310225054,1.1984860084294402,0.0,1683.0,1235.0,
2,125.4370,2.46e+12,1.0,0.0,1374.9191333517792,1288.148541925022,1.82e+05,101466.88603348233,9759.201652658794,0.0,3.566776804526139e-05,0.8691292748210815,0.9165225076045045,0.29730290131440773,0.21820129899856355,0.9169660090287239,0.0,1683.0,1235.0,
3,173.1440,2.46e+12,1.0,0.0,1374.9191333517792,1288.148541925022,1.82e+05,101466.88603348233,9759.201652658794,0.0,3.566776804526139e-05,0.8691292748210815,0.9165225076045045,0.29730290131440773,0.21820129899856355,0.9169660090287239,0.0,1683.0,1235.0,
4,221.8740,2.50e+12,1.0,0.0,1577.0017394376316,1162.1080963852614,1.78e+05,95567.35639962343,9745.30590245211,0.0,1.980520130413119e-05,0.9290813274054194,0.9078906944191729,0.27959234990408055,0.20359035955954957,1.0856358229658727,0.0,1683.0,1235.0,
5,267.9710,2.50e+12,1.0,0.0,1577.0017394376316,1162.1080963852614,1.78e+05,95567.35639962343,9745.30590245211,0.0,1.980520130413119e-05,0.9290813274054194,0.9078906944191729,0.27959234990408055,0.20359035955954957,1.0856358229658727,0.0,1683.0,1235.0,
6,321.7710,2.50e+12,1.0,0.0,1577.0017394376316,1162.1080963852614,1.78e+05,95567.35639962343,9745.30590245211,0.0,1.980520130413119e-05,0.9290813274054194,0.9078906944191729,0.27959234990408055,0.20359035955954957,1.0856358229658727,0.0,1683.0,1235.0,
7,373.1741,2.45e+12,1.0,0.0,1488.071307013514,1126.849905168399,1.79e+05,98488.42660515776,10330.919637507706,0.0,1.2700110419250475e-05,0.8946224254924943,0.8763190209900595,0.2935869577345426,0.19597367520851264,1.0327262793120768,0.0,1683.0,1235.0,
8,429.1767,2.45e+12,1.0,0.0,1505.2275544717115,1151.1997167776913,1.78e+05,98397.54734363625,10344.948805033262,0.0,1.0644550710007468e-05,0.8897644706916878,0.8796225068607242,0.29103343770402224,0.19748342972808555,1.040635030312591,0.0,1683.0,1235.0,
9,497.4766,2.53e+12,1.0,0.0,1518.9193619193434,1186.5578382219264,1.79e+05,97644.01435403574,10544.775776659659,0.0,8.412106647715317e-06,0.9033283030463399,0.8851546216786836,0.28512184134490137,0.19502939188386723,1.028608727922017,0.0,1683.0,1235.0,
10,559.0027,2.49e+12,1.0,0.0,1527.5464498949145,1183.622859847286,1.78e+05,96341.920382155,10539.522446656169,0.0,7.418359894772006e-06,0.9012950113975414,0.8876636923681028,0.2873609096434538,0.1972491197402786,1.057017147430357,0.0,1683.0,1235.0,
11,619.6708,2.49e+12,1.0,0.0,1526.0845542067834,1167.2949409210112,1.78e+05,96911.38402125394,10313.774010927367,0.0,6.262367186376658e-06,0.897738500676157,0.878630723973036,0.2915995489739477,0.19655903939595537,1.0532282348907234,0.0,1683.0,1235.0,
12,675.2880,2.53e+12,1.0,0.0,1509.937214806762,1155.8055849443779,1.78e+05,97736.81151807866,10376.221874590432,0.0,5.790281917373435e-06,0.8926141302351521,0.8748993105849185,0.28727022780214245,0.19709349377886692,1.0354116256720802,0.0,1683.0,1235.0,
13,733.5910,2.49e+12,1.0,0.0,1511.839025893963,1172.761238325484,1.78e+05,98329.69928835628,10354.523157251768,0.0,4.839040659214157e-06,0.8951413969478426,0.8805672897697719,0.2844409079411812,0.1954329743687503,1.0446253081259842,0.0,1683.0,1235.0,
14,791.0770,2.49e+12,1.0,0.0,1511.9400398677935,1167.0095710218457,1.78e+05,96747.1871791067,10601.528494802837,0.0,3.1903047532061386e-06,0.896995606441964,0.8742697227781059,0.28992265240781506,0.19529315384666557,1.0429344867340542,0.0,1683.0,1235.0,
15,847.4510,2.48e+12,1.0,0.0,1523.9542074662438,1162.3699395215253,1.78e+05,98823.34287204819,10301.616468348195,0.0,3.041820299790647e-06,0.8932417865325328,0.8739897088322086,0.2893601816548617,0.192756239243069,1.052411954107398,0.0,1683.0,1235.0,
16,904.3940,2.48e+12,1.0,0.0,1523.9542074662438,1162.3699395215253,1.78e+05,98823.34287204819,10301.616468348195,0.0,3.041820299790647e-06,0.8932417865325328,0.8739897088322086,0.2893601816548617,0.192756239243069,1.052411954107398,0.0,1683.0,1235.0,
17,962.8430,2.51e+12,1.0,0.0,1516.767194841104,1160.6816896422533,1.78e+05,98362.89148601929,10479.955233716093,0.0,2.566308771205516e-06,0.893185343995955,0.8772174383551048,0.28970994582351034,0.1961839083338207,1.0573520466631654,0.0,1683.0,1235.0,
18,1021.5310,2.51e+12,1.0,0.0,1511.9105786413895,1175.1952450980352,1.79e+05,98274.00117022292,10282.038090976434,0.0,2.5649239508219613e-06,0.8963254156027848,0.880838278914859,0.2905362108358368,0.19310202273993976,1.037650482986906,0.0,1683.0,1235.0,
19,1079.6060,2.51e+12,1.0,0.0,1511.9105786413895,1175.1952450980352,1.79e+05,98274.00117022292,10282.038090976434,0.0,2.5649239508219613e-06,0.8963254156027848,0.880838278914859,0.2905362108358368,0.19310202273993976,1.037650482986906,0.0,1683.0,1235.0,
20,1135.4880,2.47e+12,1.0,0.0,1509.280498948885,1164.0317493691923,1.78e+05,97749.06420024455,10139.891057058529,0.0,1.8468228383292786e-06,0.893683397169192,0.8735059629184405,0.29321947648491486,0.19318063779835115,1.0349106884515509,0.0,1683.0,1235.0,
21,1198.8490,2.48e+12,1.0,0.0,1506.7962618972151,1160.9065806582007,1.78e+05,97853.44746619715,10091.887150890569,0.0,1.601228653050812e-06,0.8938190283354485,0.8753282750015718,0.292382080108041,0.19357437755804902,1.039812186733398,0.0,1683.0,1235.0,
22,1253.2470,2.45e+12,1.0,0.0,1501.1388889877917,1166.6392856009943,1.79e+05,97453.38989574618,9886.20147734902,0.0,1.2827155334803885e-06,0.8925216609748718,0.8719585312641207,0.2941782797724644,0.19152779354729116,1.0293167767957148,0.0,1683.0,1235.0,
23,1308.4430,2.43e+12,1.0,0.0,1500.5027707063255,1171.288026734714,1.79e+05,97526.70362965022,9835.635628719916,0.0,6.947333944622027e-07,0.8957939219192186,0.8707975152247434,0.2957092304489427,0.1920559241062938,1.0141947211321227,0.0,1683.0,1235.0,
24,1364.8940,2.43e+12,1.0,0.0,1500.5027707063255,1171.288026734714,1.79e+05,97526.70362965022,9835.635628719916,0.0,6.947333944622027e-07,0.8957939219192186,0.8707975152247434,0.2957092304489427,0.1920559241062938,1.0141947211321227,0.0,1683.0,1235.0,
25,1420.9370,2.43e+12,1.0,0.0,1500.5027707063255,1171.288026734714,1.79e+05,97526.70362965022,9835.635628719916,0.0,6.947333944622027e-07,0.8957939219192186,0.8707975152247434,0.2957092304489427,0.1920559241062938,1.0141947211321227,0.0,1683.0,1235.0,
26,1482.6790,2.45e+12,1.0,0.0,1501.582424250882,1169.3230544253397,1.79e+05,97904.23026623404,9735.523508566559,0.0,6.840779172511728e-07,0.8943608419537741,0.8689610698868677,0.2976389361119579,0.19048482229455826,1.0161431767312006,0.0,1683.0,1235.0,
27,1537.8660,2.45e+12,1.0,0.0,1505.0393912721765,1173.4860817287922,1.79e+05,97984.1090780636,9937.900429128056,0.0,6.579200836445789e-07,0.8940082176068436,0.8714019871817913,0.2948483805158336,0.19226591017230096,1.0254078156521635,0.0,1683.0,1235.0,
28,1592.5940,2.42e+12,1.0,0.0,1503.3707909073842,1175.2612890533044,1.79e+05,97740.79417300533,9688.746303558253,0.0,5.292288134898506e-07,0.894647072006528,0.8665500742008759,0.2976227923137794,0.19038229808153823,1.0134930016159132,0.0,1683.0,1235.0,
29,1656.9860,2.44e+12,1.0,0.0,1502.0534833688787,1172.5287740656026,1.79e+05,97831.99925050965,9839.715726723374,0.0,5.24129350396022e-07,0.8942744129022943,0.8710646386577536,0.2953774254045006,0.1914500372476151,1.0200688426898612,0.0,1683.0,1235.0,
30,1717.4460,2.43e+12,1.0,0.0,1502.1020700124063,1173.9789841997695,1.79e+05,97682.0909004283,9785.187350794184,0.0,4.83060003952412e-07,0.8947627166542585,0.8687056146614514,0.2963309648013487,0.19140822456497625,1.0150099868927356,0.0,1683.0,1235.0,
31,1773.2760,2.43e+12,1.0,0.0,1500.8601932872698,1175.4335911463095,1.79e+05,97625.52084897817,9740.777581921046,0.0,4.3359735513068443e-07,0.8950509417794703,0.8688778800314937,0.29651854809958167,0.19130970072807524,1.0133663086638196,0.0,1683.0,1235.0,
32,1826.5780,2.43e+12,1.0,0.0,1500.4008138627196,1177.153519490764,1.79e+05,97605.28963557069,9785.262085524824,0.0,4.3188441712356343e-07,0.895051365948778,0.8700853899749739,0.2957216073110677,0.19161789289876446,1.0149029657348385,0.0,1683.0,1235.0,
33,1881.1640,2.44e+12,1.0,0.0,1499.1280488175153,1173.6126686621783,1.79e+05,97792.11636347653,9750.458567297559,0.0,4.261257247554073e-07,0.8951807103929571,0.8706004342976752,0.29632165098938634,0.19074839264636753,1.013432601960436,0.0,1683.0,1235.0,
34,1939.6120,2.43e+12,1.0,0.0,1499.4488759162996,1176.8607012532607,1.79e+05,97581.27185119785,9744.308383990498,0.0,4.010325546250392e-07,0.8957906907995836,0.8704309092923461,0.29637819948481703,0.1910987517965289,1.0127774019665146,0.0,1683.0,1235.0,
35,2007.6700,2.43e+12,1.0,0.0,1499.4488759162996,1176.8607012532607,1.79e+05,97581.27185119785,9744.308383990498,0.0,4.010325546250392e-07,0.8957906907995836,0.8704309092923461,0.29637819948481703,0.1910987517965289,1.0127774019665146,0.0,1683.0,1235.0,
36,2063.4620,2.43e+12,1.0,0.0,1498.939550040248,1176.0025082914563,1.79e+05,97601.7083946658,9754.139740932138,0.0,3.9836715021844e-07,0.8953423476733346,0.8707836224272443,0.2960200454607772,0.19134143397922276,1.0142620964158853,0.0,1683.0,1235.0,
37,2120.0360,2.43e+12,1.0,0.0,1497.7888400371394,1178.286954229051,1.79e+05,97522.77480701264,9752.149313064885,0.0,3.8927543007664795e-07,0.8962473696470876,0.8722044744995914,0.29598590945062164,0.19137086489893007,1.012744107901964,0.0,1683.0,1235.0,
38,2179.0940,2.43e+12,1.0,0.0,1497.7888400371394,1178.286954229051,1.79e+05,97522.77480701264,9752.149313064885,0.0,3.8927543007664795e-07,0.8962473696470876,0.8722044744995914,0.29598590945062164,0.19137086489893007,1.012744107901964,0.0,1683.0,1235.0,
39,2234.7220,2.43e+12,1.0,0.0,1497.249956361706,1180.085082638706,1.79e+05,97439.61835400379,9754.949448090932,0.0,3.757067169858565e-07,0.896312559682019,0.8722018704269351,0.29588892733464633,0.19126063040969415,1.0118678915473949,0.0,1683.0,1235.0,
40,2289.1740,2.43e+12,1.0,0.0,1496.7694278778872,1180.4896385058871,1.79e+05,97301.2331768469,9723.680957229215,0.0,3.713307334632861e-07,0.8973488008238228,0.8732409472421855,0.29595526449516696,0.19120054820838056,1.0113867256909956,0.0,1683.0,1235.0,
41,2344.8880,2.42e+12,1.0,0.0,1496.2073819776565,1179.2863680985456,1.79e+05,97121.9253631088,9700.477919231578,0.0,3.62131851249678e-07,0.8973564242781161,0.8721670678565223,0.29591158846972754,0.19143336303838093,1.0102153396113724,0.0,1683.0,1235.0,
42,2405.8540,2.41e+12,1.0,0.0,1492.6518757803678,1185.7061221119461,1.79e+05,96655.09965451527,9661.836466897646,0.0,3.281448879017883e-07,0.8997752232553335,0.874751704731494,0.2956139613784375,0.19148155725267724,1.0057519308655352,0.0,1683.0,1235.0,
43,2455.9710,2.41e+12,1.0,0.0,1490.3193742190492,1190.1141435510904,1.79e+05,96400.09610994576,9641.16321846178,0.0,3.155519101572391e-07,0.9007587663982799,0.8755417863246624,0.2953809882858448,0.1916959434586626,1.0021506820585098,0.0,1683.0,1235.0,
44,2510.9205,2.40e+12,1.0,0.0,1487.7950523472289,1193.400728318642,1.79e+05,96150.50479443982,9638.629816135575,0.0,2.965202809848243e-07,0.9015145615307547,0.8770637513766023,0.2950768539087528,0.1914201128314149,1.0002834721708482,0.0,1683.0,1235.0,
45,2564.9909,2.39e+12,1.0,0.0,1486.590439821842,1195.6818036001234,1.79e+05,95902.15666818054,9579.939710596329,0.0,2.847626697724874e-07,0.9029200711196139,0.8775309933815181,0.29507340704488816,0.19184082930803736,0.9974401257119219,0.0,1683.0,1235.0,
46,2623.7778,2.40e+12,1.0,0.0,1485.711902432468,1191.5313275729377,1.79e+05,96075.94184680661,9595.771248105451,0.0,2.692851304861171e-07,0.901517573548309,0.8774139682783684,0.29489672387653554,0.19171136591596666,0.9994700351856731,0.0,1683.0,1235.0,
47,2682.3806,2.39e+12,1.0,0.0,1484.1323667635015,1195.8929802730422,1.80e+05,95779.41313879857,9579.149859240675,0.0,2.6664038696004936e-07,0.9025956887731315,0.8777624597580533,0.2946825451810812,0.1918137237081611,0.9962101377070638,0.0,1683.0,1235.0,
48,2737.6070,2.39e+12,1.0,0.0,1480.8060676352864,1198.35113794473,1.80e+05,95460.13088854728,9551.220513752858,0.0,2.452485162133123e-07,0.9037349751338595,0.8792808390448809,0.2944040175236948,0.19173014979884384,0.9929435818079801,0.0,1683.0,1235.0,
49,2796.0740,2.39e+12,1.0,0.0,1480.6719098352894,1198.1267054373325,1.80e+05,95482.95250774988,9550.934299470324,0.0,2.3717888104893794e-07,0.9036853300845067,0.879281267632545,0.294393676196833,0.1917150111000234,0.9927830288394387,0.0,1683.0,1235.0,
50,2849.6350,2.39e+12,1.0,0.0,1480.0876718497966,1198.0103793717872,1.80e+05,95395.25297366662,9521.693186863926,0.0,2.162923038798344e-07,0.9045204474584052,0.880142846712009,0.2945775272948662,0.19123520674047068,0.9920455831827765,0.0,1683.0,1235.0,
51,2905.4910,2.39e+12,1.0,0.0,1480.0876718497966,1198.0103793717872,1.80e+05,95395.25297366662,9521.693186863926,0.0,2.162923038798344e-07,0.9045204474584052,0.880142846712009,0.2945775272948662,0.19123520674047068,0.9920455831827765,0.0,1683.0,1235.0,
52,2960.7620,2.39e+12,1.0,0.0,1478.8516944171206,1197.5707924559426,1.80e+05,95130.10074366168,9532.91844959747,0.0,2.0851820854721696e-07,0.905580153472442,0.8814149178842559,0.2941728198413623,0.19113872727434394,0.9916010511564586,0.0,1683.0,1235.0,
53,3015.1420,2.38e+12,1.0,0.0,1475.623058925827,1198.0695674800872,1.80e+05,95118.3400815549,9501.720976162374,0.0,1.957435064774395e-07,0.904867052521021,0.8815666592886704,0.29385881327435015,0.19152131063750522,0.9897085042428182,0.0,1683.0,1235.0,
54,3063.5810,2.38e+12,1.0,0.0,1475.623058925827,1198.0695674800872,1.80e+05,95118.3400815549,9501.720976162374,0.0,1.957435064774395e-07,0.904867052521021,0.8815666592886704,0.29385881327435015,0.19152131063750522,0.9897085042428182,0.0,1683.0,1235.0,
55,3116.9730,2.39e+12,1.0,0.0,1473.7978611107546,1200.7663356521125,1.80e+05,94820.19806975298,9488.158294464474,0.0,1.8525307994700644e-07,0.9060406794198388,0.8828023553400668,0.29374647419135796,0.19113867174441096,0.9874423747853862,0.0,1683.0,1235.0,
56,3170.9130,2.39e+12,1.0,0.0,1473.7978611107546,1200.7663356521125,1.80e+05,94820.19806975298,9488.158294464474,0.0,1.8525307994700644e-07,0.9060406794198388,0.8828023553400668,0.29374647419135796,0.19113867174441096,0.9874423747853862,0.0,1683.0,1235.0,
57,3226.0460,2.38e+12,1.0,0.0,1470.186911200321,1201.9468571577893,1.80e+05,94675.2375650742,9468.271804351753,0.0,1.734968003087166e-07,0.9061551990275158,0.8842364857794804,0.293183153356008,0.19136382315772932,0.985955816179473,0.0,1683.0,1235.0,
58,3277.2780,2.38e+12,1.0,0.0,1469.1418530329533,1201.5365785027072,1.80e+05,94352.84227398757,9429.573946006461,0.0,1.6524059861556472e-07,0.907519560778291,0.8844063343787929,0.29330615058732157,0.1912221379170983,0.9834211722130817,0.0,1683.0,1235.0,
59,3327.1800,2.38e+12,1.0,0.0,1469.1418530329533,1201.5365785027072,1.80e+05,94352.84227398757,9429.573946006461,0.0,1.6524059861556472e-07,0.907519560778291,0.8844063343787929,0.29330615058732157,0.1912221379170983,0.9834211722130817,0.0,1683.0,1235.0,
60,3381.7050,2.37e+12,1.0,0.0,1465.4316036158616,1202.9140721995702,1.80e+05,94156.07484257867,9399.792902623794,0.0,1.5817285405532988e-07,0.9075879104003514,0.885364019059289,0.2927956407778245,0.19136847524356404,0.9811181928354837,0.0,1683.0,1235.0,
61,3428.7780,2.37e+12,1.0,0.0,1465.635727873395,1202.0625435123407,1.80e+05,94120.73843037931,9398.263504047944,0.0,1.5296191231541221e-07,0.9078392002630874,0.8855419823274606,0.29281567981974255,0.19122229617951547,0.9814443154890456,0.0,1683.0,1235.0,
62,3477.9870,2.38e+12,1.0,0.0,1464.2160740736813,1203.8718148778562,1.80e+05,94037.77850612302,9404.871475267591,0.0,1.4425368954936138e-07,0.9078439261910562,0.8865354015888691,0.2925624128303277,0.19110410849206402,0.9813614074591711,0.0,1683.0,1235.0,
63,3531.9690,2.37e+12,1.0,0.0,1463.5494585839833,1202.5628731150296,1.80e+05,93932.1307415714,9367.635409638366,0.0,1.4189765878738078e-07,0.9083561034769398,0.8862283312742048,0.29265386548372674,0.1912916640078582,0.9796510498306863,0.0,1683.0,1235.0,
64,3586.9170,2.38e+12,1.0,0.0,1463.9669752246025,1202.693876487943,1.80e+05,94012.77829069423,9380.050946419058,0.0,1.370707372881027e-07,0.9082978200951521,0.8867016690137401,0.29265138215767833,0.19113037316174014,0.9806524100898848,0.0,1683.0,1235.0,
65,3635.9550,2.38e+12,1.0,0.0,1463.9669752246025,1202.693876487943,1.80e+05,94012.77829069423,9380.050946419058,0.0,1.370707372881027e-07,0.9082978200951521,0.8867016690137401,0.29265138215767833,0.19113037316174014,0.9806524100898848,0.0,1683.0,1235.0,
66,3689.3930,2.38e+12,1.0,0.0,1459.5925817020832,1203.254042560909,1.81e+05,93695.84291026017,9344.272409077608,0.0,1.3164142707965227e-07,0.9090399074790751,0.8887903212555085,0.2920805324429676,0.19099243579638914,0.978584773144181,0.0,1683.0,1235.0,
67,3739.7050,2.38e+12,1.0,0.0,1458.246452437103,1205.720186924223,1.81e+05,93598.43193692646,9346.816206480627,0.0,1.22779303958599e-07,0.909480722353067,0.8899408534968627,0.2920583627530704,0.19031149940470338,0.977475462952458,0.0,1683.0,1235.0,
68,3790.5640,2.38e+12,1.0,0.0,1458.246452437103,1205.720186924223,1.81e+05,93598.43193692646,9346.816206480627,0.0,1.22779303958599e-07,0.909480722353067,0.8899408534968627,0.2920583627530704,0.19031149940470338,0.977475462952458,0.0,1683.0,1235.0,
69,3846.3360,2.38e+12,1.0,0.0,1458.246452437103,1205.720186924223,1.81e+05,93598.43193692646,9346.816206480627,0.0,1.22779303958599e-07,0.909480722353067,0.8899408534968627,0.2920583627530704,0.19031149940470338,0.977475462952458,0.0,1683.0,1235.0,
70,3894.2990,2.38e+12,1.0,0.0,1458.246452437103,1205.720186924223,1.81e+05,93598.43193692646,9346.816206480627,0.0,1.22779303958599e-07,0.909480722353067,0.8899408534968627,0.2920583627530704,0.19031149940470338,0.977475462952458,0.0,1683.0,1235.0,
71,3946.3180,2.38e+12,1.0,0.0,1458.4081560684258,1205.7898692893823,1.81e+05,93690.9572393786,9351.868619881297,0.0,1.2046355080640993e-07,0.9089579890013426,0.8896762706350476,0.2919464054631695,0.19056403897026275,0.9781002347413,0.0,1683.0,1235.0,
72,3992.9080,2.38e+12,1.0,0.0,1457.1497211198002,1207.7794027572186,1.81e+05,93672.3863229847,9359.561300250956,0.0,1.197841627145243e-07,0.9089914277529547,0.8908683161452162,0.29175242954487773,0.1902421461655518,0.9780398999968638,0.0,1683.0,1235.0,
73,4044.1680,2.38e+12,1.0,0.0,1457.6706316372824,1207.1837424398009,1.81e+05,93733.5773184421,9364.487899452863,0.0,1.185228092452949e-07,0.9087848690367937,0.8905974585014006,0.29183006877109585,0.1902673193423893,0.978504974908752,0.0,1683.0,1235.0,
74,4090.5610,2.38e+12,1.0,0.0,1456.2016899051423,1206.2604100481458,1.81e+05,93588.68084594136,9343.704065579379,0.0,1.1601000031397133e-07,0.9092203754385619,0.8909941074544954,0.29168849806837127,0.19031142858079403,0.977252597687911,0.0,1683.0,1235.0,
75,4136.2170,2.39e+12,1.0,0.0,1456.759871501134,1206.1748336429055,1.81e+05,93667.03342617991,9352.672904116811,0.0,1.1398720501222818e-07,0.9090595317561972,0.8910206631578528,0.2917583304421155,0.1901549970988699,0.977859527568327,0.0,1683.0,1235.0,
76,4186.7220,2.39e+12,1.0,0.0,1453.3031350807755,1205.9201938741962,1.81e+05,93421.39969398797,9327.31124691921,0.0,1.1277718462425544e-07,0.9096589550907723,0.8926295958638917,0.2913659758356894,0.18987538807580048,0.9759945686605963,0.0,1683.0,1235.0,
77,4237.5300,2.39e+12,1.0,0.0,1452.925781590675,1207.650736572787,1.81e+05,93498.86097443788,9351.585697727118,0.0,1.1154233821094734e-07,0.9092665090476676,0.8933472024554173,0.291215959206968,0.18961068327224465,0.9768273277774009,0.0,1683.0,1235.0,
78,4339.0300,2.39e+12,1.0,0.0,1452.1673200375913,1206.7327062773295,1.81e+05,93560.94429980897,9349.06634899808,0.0,1.0781387675819145e-07,0.9091225516072764,0.8939001441860899,0.291096333252144,0.18968789518766033,0.9769968232693819,0.0,1683.0,1235.0,
79,4491.9860,2.39e+12,1.0,0.0,1452.1673200375913,1206.7327062773295,1.81e+05,93560.94429980897,9349.06634899808,0.0,1.0781387675819145e-07,0.9091225516072764,0.8939001441860899,0.291096333252144,0.18968789518766033,0.9769968232693819,0.0,1683.0,1235.0,
80,4625.9610,2.40e+12,1.0,0.0,1451.2143704952246,1207.0003380753633,1.81e+05,93605.95572679472,9350.90216251131,0.0,1.0099948392712658e-07,0.9089114333495274,0.8947380152014974,0.2908929223562891,0.18954350066333644,0.9773480083285785,0.0,1683.0,1235.0,
81,4734.3140,2.40e+12,1.0,0.0,1451.2143704952246,1207.0003380753633,1.81e+05,93605.95572679472,9350.90216251131,0.0,1.0099948392712658e-07,0.9089114333495274,0.8947380152014974,0.2908929223562891,0.18954350066333644,0.9773480083285785,0.0,1683.0,1235.0,
82,4842.1410,2.41e+12,1.0,0.0,1449.6153331832634,1210.9776804764088,1.81e+05,93810.51204381061,9389.37292329251,0.0,9.576929375771058e-08,0.9078062245739282,0.8966673075107792,0.2903813544360297,0.18896962142641172,0.9792658633986384,0.0,1683.0,1235.0,
83,4941.8330,2.41e+12,1.0,0.0,1449.9236048052821,1212.884249552601,1.81e+05,94016.12797087277,9418.493097419081,0.0,9.244270738961013e-08,0.906977941185793,0.8970074641514603,0.29023375749997143,0.18892947522314424,0.980822297925813,0.0,1683.0,1235.0,
84,5041.9710,2.41e+12,1.0,0.0,1448.1040334567906,1211.791108659373,1.81e+05,93965.72535825017,9407.124968780747,0.0,8.460823897957603e-08,0.9071657563190155,0.8981944108505151,0.2899721488989754,0.188761827878746,0.9804896820568489,0.0,1683.0,1235.0,
85,5143.5040,2.42e+12,1.0,0.0,1448.7792436032037,1212.7680699616953,1.81e+05,94156.15295630248,9418.396178600775,0.0,7.639594883478001e-08,0.9065847366632396,0.8983627130701528,0.2898678067144455,0.18887838431228215,0.9820267478829509,0.0,1683.0,1235.0,
86,5254.0310,2.42e+12,1.0,0.0,1449.6253526679839,1211.4581171923942,1.81e+05,94239.33719012991,9411.078409031605,0.0,6.854991698087911e-08,0.9065971604660941,0.8980188061411982,0.2900423951054141,0.18886970729701308,0.9822716067558532,0.0,1683.0,1235.0,
87,5352.2560,2.42e+12,1.0,0.0,1449.6253526679839,1211.4581171923942,1.81e+05,94239.33719012991,9411.078409031605,0.0,6.854991698087911e-08,0.9065971604660941,0.8980188061411982,0.2900423951054141,0.18886970729701308,0.9822716067558532,0.0,1683.0,1235.0,
88,5449.3700,2.43e+12,1.0,0.0,1448.8410978787238,1216.079209091587,1.81e+05,94544.47330315167,9445.000267084873,0.0,6.694841402896422e-08,0.905131562165395,0.8994858912575057,0.2895358056061916,0.18850106854539922,0.9849550560049197,0.0,1683.0,1235.0,
89,5546.4270,2.43e+12,1.0,0.0,1448.8410978787238,1216.079209091587,1.81e+05,94544.47330315167,9445.000267084873,0.0,6.694841402896422e-08,0.905131562165395,0.8994858912575057,0.2895358056061916,0.18850106854539922,0.9849550560049197,0.0,1683.0,1235.0,
90,5646.8320,2.43e+12,1.0,0.0,1450.125152984779,1213.4116413746938,1.81e+05,94561.25529351065,9394.841470245952,0.0,6.140617672502034e-08,0.9054494960204259,0.898135610200755,0.2898354684117858,0.18902281014326397,0.9844691371292582,0.0,1683.0,1235.0,
91,5747.4560,2.43e+12,1.0,0.0,1450.125152984779,1213.4116413746938,1.81e+05,94561.25529351065,9394.841470245952,0.0,6.140617672502034e-08,0.9054494960204259,0.898135610200755,0.2898354684117858,0.18902281014326397,0.9844691371292582,0.0,1683.0,1235.0,
92,5845.3710,2.42e+12,1.0,0.0,1451.0601364854085,1207.1293314944628,1.81e+05,94177.5135216531,9327.807381818853,0.0,5.850556721555321e-08,0.9073749568060645,0.8963847409425887,0.2903807071426845,0.1895072639718424,0.9814024383853844,0.0,1683.0,1235.0,
93,5939.6990,2.42e+12,1.0,0.0,1451.0601364854085,1207.1293314944628,1.81e+05,94177.5135216531,9327.807381818853,0.0,5.850556721555321e-08,0.9073749568060645,0.8963847409425887,0.2903807071426845,0.1895072639718424,0.9814024383853844,0.0,1683.0,1235.0,
94,6037.6650,2.42e+12,1.0,0.0,1450.8821583407214,1208.0320130255045,1.81e+05,94216.62056625291,9334.982510189286,0.0,5.753970462918637e-08,0.9072322164579711,0.896657125873522,0.29031626067344984,0.18942112634506963,0.9815752720151172,0.0,1683.0,1235.0,
95,6143.7260,2.43e+12,1.0,0.0,1450.208770574036,1208.4567626421297,1.81e+05,94334.85634646632,9357.515366302317,0.0,5.544334217450939e-08,0.9066438823322049,0.8975107038509946,0.29007445344744837,0.1892138021258856,0.9827331802717969,0.0,1683.0,1235.0,
96,6221.1870,2.42e+12,1.0,0.0,1449.5174279769062,1207.554763433131,1.81e+05,94105.90249167781,9317.380981577033,0.0,5.1839319741787195e-08,0.9074460151515469,0.8971356332870852,0.2901832162525962,0.18926854790719988,0.9807939374138698,0.0,1683.0,1235.0,
97,6315.2770,2.43e+12,1.0,0.0,1449.3086724815842,1207.0413606017496,1.81e+05,94257.74536056374,9335.368713913522,0.0,4.910441638092269e-08,0.9068949744484129,0.8977048361026914,0.2900430431607167,0.1891495119064944,0.9819979874885113,0.0,1683.0,1235.0,
98,6404.1290,2.42e+12,1.0,0.0,1449.0581971973718,1203.9767255392057,1.81e+05,94138.32308739811,9290.912329474144,0.0,4.439458761240034e-08,0.9074221393594095,0.8970666574901429,0.29014184129344023,0.18947898298234803,0.9808456874318104,0.0,1683.0,1235.0,
99,6501.1230,2.43e+12,1.0,0.0,1447.7534959583782,1203.098329814204,1.81e+05,94280.37995530272,9281.801172384457,0.0,4.0873355630044105e-08,0.9067841049723454,0.8978771588339338,0.289841955787147,0.18942723268061976,0.981645529647957,0.0,1683.0,1235.0,
100,6600.3333,2.43e+12,1.0,0.0,1447.7534959583782,1203.098329814204,1.81e+05,94280.37995530272,9281.801172384457,0.0,4.0873355630044105e-08,0.9067841049723454,0.8978771588339338,0.289841955787147,0.18942723268061976,0.981645529647957,0.0,1683.0,1235.0,
101,6694.0038,2.43e+12,1.0,0.0,1447.2434813981627,1201.414218371336,1.81e+05,94166.08752829736,9270.750804916766,0.0,3.78003244199502e-08,0.9072271572296906,0.8979032941164149,0.2898875499583923,0.18942181750617215,0.9807896693015942,0.0,1683.0,1235.0,
102,6795.7145,2.43e+12,1.0,0.0,1447.2434813981627,1201.414218371336,1.81e+05,94166.08752829736,9270.750804916766,0.0,3.78003244199502e-08,0.9072271572296906,0.8979032941164149,0.2898875499583923,0.18942181750617215,0.9807896693015942,0.0,1683.0,1235.0,
103,6890.2876,2.43e+12,1.0,0.0,1445.651071368205,1203.4835498085417,1.81e+05,94296.15420926396,9299.31592856202,0.0,3.7373141234434654e-08,0.9063464627766042,0.8992184908818432,0.28948209207939707,0.18911075551537165,0.9818901988781075,0.0,1683.0,1235.0,
104,6998.9044,2.43e+12,1.0,0.0,1445.651071368205,1203.4835498085417,1.81e+05,94296.15420926396,9299.31592856202,0.0,3.7373141234434654e-08,0.9063464627766042,0.8992184908818432,0.28948209207939707,0.18911075551537165,0.9818901988781075,0.0,1683.0,1235.0,
105,7089.0364,2.43e+12,1.0,0.0,1444.5700372327342,1200.9343490454487,1.81e+05,94253.89360412164,9308.159719795585,0.0,3.36028681301715e-08,0.9060798780119044,0.8990782124495477,0.2893145686598718,0.18941771122523948,0.9814649612192745,0.0,1683.0,1235.0,
106,7186.9385,2.43e+12,1.0,0.0,1444.5700372327342,1200.9343490454487,1.81e+05,94253.89360412164,9308.159719795585,0.0,3.36028681301715e-08,0.9060798780119044,0.8990782124495477,0.2893145686598718,0.18941771122523948,0.9814649612192745,0.0,1683.0,1235.0,
107,7292.5450,2.43e+12,1.0,0.0,1442.9614950670957,1199.4473424697012,1.81e+05,94383.22317317387,9350.50108032866,0.0,3.292451301206623e-08,0.9050853984811373,0.89986458239638,0.2888951097093547,0.18960448473695946,0.9823699160345913,0.0,1683.0,1235.0,
108,7397.5225,2.43e+12,1.0,0.0,1442.9614950670957,1199.4473424697012,1.81e+05,94383.22317317387,9350.50108032866,0.0,3.292451301206623e-08,0.9050853984811373,0.89986458239638,0.2888951097093547,0.18960448473695946,0.9823699160345913,0.0,1683.0,1235.0,
109,7513.5460,2.43e+12,1.0,0.0,1442.2703731154168,1200.5791743695054,1.81e+05,94473.99222917542,9383.454693493168,0.0,3.256500572528686e-08,0.9045119710632383,0.9006277878495175,0.28866826430760195,0.18945764821737682,0.983226627352465,0.0,1683.0,1235.0,
110,7627.9180,2.43e+12,1.0,0.0,1443.9097552685878,1201.0015301405965,1.81e+05,94393.09089483244,9348.595412342635,0.0,3.206877163968057e-08,0.9052984441460526,0.8997554595126301,0.28904697734932944,0.1894535756930098,0.9826070826213038,0.0,1683.0,1235.0,
111,7740.6310,2.43e+12,1.0,0.0,1442.7692191582219,1201.0948616058936,1.81e+05,94442.23665845643,9373.49646324231,0.0,3.205996071232179e-08,0.904765116159395,0.9003943759357838,0.2887841471634698,0.18941598618651975,0.9830187269211318,0.0,1683.0,1235.0,
112,7855.0960,2.43e+12,1.0,0.0,1443.2231599877518,1199.4934040685462,1.81e+05,94349.75475341652,9342.355814150222,0.0,3.1690928683556005e-08,0.9053327902004469,0.8997845737255498,0.28897722104781054,0.1895604934735285,0.9821779505173751,0.0,1683.0,1235.0,
113,7958.0420,2.43e+12,1.0,0.0,1443.2231599877518,1199.4934040685462,1.81e+05,94349.75475341652,9342.355814150222,0.0,3.1690928683556005e-08,0.9053327902004469,0.8997845737255498,0.28897722104781054,0.1895604934735285,0.9821779505173751,0.0,1683.0,1235.0,
114,8070.8900,2.43e+12,1.0,0.0,1442.9338420412532,1199.0578428620959,1.81e+05,94406.46422590662,9333.792235884708,0.0,3.1053495641438817e-08,0.9050641445350938,0.8998283866726331,0.28891051032665116,0.18968357625905083,0.9824275069313471,0.0,1683.0,1235.0,
115,8184.2950,2.42e+12,1.0,0.0,1443.391458899402,1199.3785149097941,1.81e+05,94251.7953652454,9312.779540400585,0.0,3.1043952844669766e-08,0.905791688605021,0.8994252693550644,0.2891163353947715,0.18954621912435823,0.9813874879435696,0.0,1683.0,1235.0,
116,8299.7030,2.42e+12,1.0,0.0,1443.391458899402,1199.3785149097941,1.81e+05,94251.7953652454,9312.779540400585,0.0,3.1043952844669766e-08,0.905791688605021,0.8994252693550644,0.2891163353947715,0.18954621912435823,0.9813874879435696,0.0,1683.0,1235.0,
117,8417.6050,2.43e+12,1.0,0.0,1442.7445164251437,1199.4082172386156,1.81e+05,94405.62844932306,9350.90717699349,0.0,3.0972365815275096e-08,0.9050005854320532,0.9001099758821628,0.28885136909784226,0.18955919103916635,0.9825749391157501,0.0,1683.0,1235.0,
118,8532.7060,2.42e+12,1.0,0.0,1443.0252727549769,1197.873128595012,1.81e+05,94280.36519237602,9320.82983996141,0.0,3.0627342106375126e-08,0.9056200220875175,0.8995787923284707,0.2890324956438346,0.18964084198960732,0.98161885692134,0.0,1683.0,1235.0,
119,8648.2838,2.42e+12,1.0,0.0,1442.6752745284273,1197.4467980857116,1.81e+05,94322.82779852768,9330.40659465638,0.0,3.017770888219357e-08,0.905320749538302,0.8996891827742078,0.2889382874458861,0.18972738315838883,0.9818780051834668,0.0,1683.0,1235.0,
120,8770.4891,2.42e+12,1.0,0.0,1442.6752745284273,1197.4467980857116,1.81e+05,94322.82779852768,9330.40659465638,0.0,3.017770888219357e-08,0.905320749538302,0.8996891827742078,0.2889382874458861,0.18972738315838883,0.9818780051834668,0.0,1683.0,1235.0,
121,8890.0554,2.42e+12,1.0,0.0,1443.1055378021488,1197.5077214007406,1.81e+05,94293.83231425157,9324.094053217028,0.0,3.012521185775302e-08,0.905608632059195,0.899558425410677,0.28905281689402595,0.18967637069240412,0.9816772155050455,0.0,1683.0,1235.0,
122,9005.1519,2.42e+12,1.0,0.0,1443.1055378021488,1197.5077214007406,1.81e+05,94293.83231425157,9324.094053217028,0.0,3.012521185775302e-08,0.905608632059195,0.899558425410677,0.28905281689402595,0.18967637069240412,0.9816772155050455,0.0,1683.0,1235.0,
123,9117.8786,2.42e+12,1.0,0.0,1442.7442171528528,1196.2714757397785,1.81e+05,94293.66454120653,9306.600776562915,0.0,2.969419032180886e-08,0.905592222425047,0.89943756178869,0.2890231833295218,0.18991875258136603,0.981398337317899,0.0,1683.0,1235.0,
124,9234.2980,2.42e+12,1.0,0.0,1442.9209232527562,1196.8883287930084,1.81e+05,94304.31826002969,9311.919314334998,0.0,2.960786181223979e-08,0.9055450216464176,0.8994421478230432,0.28903505413042274,0.18984321541491658,0.9815561626541601,0.0,1683.0,1235.0,
125,9341.0380,2.42e+12,1.0,0.0,1442.7279339020301,1196.315843659664,1.81e+05,94284.39417584546,9316.464009937812,0.0,2.9340743297906353e-08,0.9054717002849733,0.8992718034341702,0.2890190341769969,0.18997617935564753,0.9813362427316984,0.0,1683.0,1235.0,
126,9463.6610,2.42e+12,1.0,0.0,1442.7279339020301,1196.315843659664,1.81e+05,94284.39417584546,9316.464009937812,0.0,2.9340743297906353e-08,0.9054717002849733,0.8992718034341702,0.2890190341769969,0.18997617935564753,0.9813362427316984,0.0,1683.0,1235.0,
127,9573.5700,2.42e+12,1.0,0.0,1441.9848991507993,1194.3222048013192,1.81e+05,94292.81009480816,9309.87143715534,0.0,2.82029736228549e-08,0.9052519762146303,0.8991610291224956,0.28892406845472807,0.19030038828680867,0.9810743581566206,0.0,1683.0,1235.0,
128,9686.0820,2.41e+12,1.0,0.0,1442.0024963559772,1191.4446550930431,1.81e+05,94217.42750532739,9274.424355307354,0.0,2.7396533710874145e-08,0.9056170791264639,0.8984584568284091,0.2890699054997277,0.19067075313753667,0.9801394145172353,0.0,1683.0,1235.0,
129,9810.9010,2.41e+12,1.0,0.0,1442.0024963559772,1191.4446550930431,1.81e+05,94217.42750532739,9274.424355307354,0.0,2.7396533710874145e-08,0.9056170791264639,0.8984584568284091,0.2890699054997277,0.19067075313753667,0.9801394145172353,0.0,1683.0,1235.0,
130,9930.6130,2.41e+12,1.0,0.0,1441.3069930296792,1189.8759534887836,1.81e+05,94212.18866433267,9273.348003362578,0.0,2.7327300141021986e-08,0.9054040048414183,0.8984032358999556,0.2889763586102009,0.19088155662529138,0.9799339159289935,0.0,1683.0,1235.0,
131,10049.9910,2.41e+12,1.0,0.0,1441.4766900110708,1190.3902983146918,1.81e+05,94211.35336933678,9276.165684885726,0.0,2.703678567259128e-08,0.90543215646994,0.8983024163953711,0.2890042234654071,0.19092917515090824,0.97981355782641,0.0,1683.0,1235.0,
132,10162.8210,2.41e+12,1.0,0.0,1441.3215165199863,1191.0669818901806,1.81e+05,94222.84706098554,9275.775923108406,0.0,2.6542370980229155e-08,0.9053013266736012,0.8983681338013301,0.28896504679288326,0.1908544693780459,0.9799078274873675,0.0,1683.0,1235.0,
133,10290.4850,2.41e+12,1.0,0.0,1441.3215165199863,1191.0669818901806,1.81e+05,94222.84706098554,9275.775923108406,0.0,2.6542370980229155e-08,0.9053013266736012,0.8983681338013301,0.28896504679288326,0.1908544693780459,0.9799078274873675,0.0,1683.0,1235.0,
134,10397.9660,2.41e+12,1.0,0.0,1440.992582331396,1190.8012276030122,1.81e+05,94239.75133596465,9271.934173949467,0.0,2.611298219842476e-08,0.9051219709464373,0.8983379226868748,0.28890614297658157,0.19094236246306417,0.9798991280092004,0.0,1683.0,1235.0,
135,10506.5830,2.41e+12,1.0,0.0,1441.372496354038,1188.0137951888619,1.81e+05,94217.14591539954,9260.285361508631,0.0,2.5675894081355467e-08,0.9054710349609668,0.897997505793218,0.28904131901222957,0.19115628595232365,0.9796178827098403,0.0,1683.0,1235.0,
136,10628.7610,2.41e+12,1.0,0.0,1441.372496354038,1188.0137951888619,1.81e+05,94217.14591539954,9260.285361508631,0.0,2.5675894081355467e-08,0.9054710349609668,0.897997505793218,0.28904131901222957,0.19115628595232365,0.9796178827098403,0.0,1683.0,1235.0,
137,10758.2400,2.41e+12,1.0,0.0,1440.9952876568918,1187.8619596076455,1.81e+05,94234.6429490651,9256.126096206095,0.0,2.542307897623991e-08,0.9052562484694254,0.897952546294234,0.28897751106410874,0.19127605236253792,0.9795651478885332,0.0,1683.0,1235.0,
138,10877.1500,2.41e+12,1.0,0.0,1440.5921093142438,1187.9596207586355,1.81e+05,94270.99237143974,9257.803422006851,0.0,2.5219186716102517e-08,0.9049540905840463,0.8979801228535551,0.288885433605601,0.19134974141101146,0.97966303680316,0.0,1683.0,1235.0,
139,10999.7260,2.41e+12,1.0,0.0,1440.5921093142438,1187.9596207586355,1.81e+05,94270.99237143974,9257.803422006851,0.0,2.5219186716102517e-08,0.9049540905840463,0.8979801228535551,0.288885433605601,0.19134974141101146,0.97966303680316,0.0,1683.0,1235.0,
140,11111.4840,2.41e+12,1.0,0.0,1440.5921093142438,1187.9596207586355,1.81e+05,94270.99237143974,9257.803422006851,0.0,2.5219186716102517e-08,0.9049540905840463,0.8979801228535551,0.288885433605601,0.19134974141101146,0.97966303680316,0.0,1683.0,1235.0,
141,11236.9070,2.41e+12,1.0,0.0,1440.7351895372374,1188.424615365917,1.81e+05,94285.43346275354,9267.037629227427,0.0,2.4948682921048544e-08,0.9049195238247303,0.8980955067829087,0.2888770552842577,0.1912786356985876,0.9798944870548654,0.0,1683.0,1235.0,
142,11363.3140,2.41e+12,1.0,0.0,1440.858923317927,1188.4849366811563,1.81e+05,94272.56003431935,9266.195525253368,0.0,2.4930155201900943e-08,0.9049922794608306,0.8980037668979493,0.28891301637400757,0.19130253613903725,0.9797726031683957,0.0,1683.0,1235.0,
143,11482.8220,2.41e+12,1.0,0.0,1441.6917397131406,1186.915314666901,1.81e+05,94212.7446111429,9254.554253775692,0.0,2.467167655695929e-08,0.9055397063299275,0.8975689632244472,0.2891217027484596,0.19139898141208644,0.9794213997789829,0.0,1683.0,1235.0,
144,11603.4880,2.41e+12,1.0,0.0,1441.1743830405285,1187.8948332715518,1.81e+05,94298.73404922607,9270.033520960851,0.0,2.4627060601003713e-08,0.9049902770510982,0.8979183071170872,0.2889483002858817,0.19132455609550314,0.9800082854932336,0.0,1683.0,1235.0,
145,11726.8650,2.41e+12,1.0,0.0,1441.1743830405285,1187.8948332715518,1.81e+05,94298.73404922607,9270.033520960851,0.0,2.4627060601003713e-08,0.9049902770510982,0.8979183071170872,0.2889483002858817,0.19132455609550314,0.9800082854932336,0.0,1683.0,1235.0,
146,11841.4740,2.41e+12,1.0,0.0,1441.1743830405285,1187.8948332715518,1.81e+05,94298.73404922607,9270.033520960851,0.0,2.4627060601003713e-08,0.9049902770510982,0.8979183071170872,0.2889483002858817,0.19132455609550314,0.9800082854932336,0.0,1683.0,1235.0,
147,11947.3380,2.41e+12,1.0,0.0,1440.8358390653646,1186.9987484908509,1.81e+05,94268.47821033892,9254.240198947387,0.0,2.4438074338339384e-08,0.9050162492982295,0.897662777260958,0.28895135118241755,0.1915387345008969,0.9795007991759631,0.0,1683.0,1235.0,
148,12067.9980,2.41e+12,1.0,0.0,1440.8358390653646,1186.9987484908509,1.81e+05,94268.47821033892,9254.240198947387,0.0,2.4438074338339384e-08,0.9050162492982295,0.897662777260958,0.28895135118241755,0.1915387345008969,0.9795007991759631,0.0,1683.0,1235.0,
149,12192.8880,2.41e+12,1.0,0.0,1440.8358390653646,1186.9987484908509,1.81e+05,94268.47821033892,9254.240198947387,0.0,2.4438074338339384e-08,0.9050162492982295,0.897662777260958,0.28895135118241755,0.1915387345008969,0.9795007991759631,0.0,1683.0,1235.0,
150,12325.6040,2.41e+12,1.0,0.0,1440.8358390653646,1186.9987484908509,1.81e+05,94268.47821033892,9254.240198947387,0.0,2.4438074338339384e-08,0.9050162492982295,0.897662777260958,0.28895135118241755,0.1915387345008969,0.9795007991759631,0.0,1683.0,1235.0,
151,12447.5230,2.41e+12,1.0,0.0,1440.8358390653646,1186.9987484908509,1.81e+05,94268.47821033892,9254.240198947387,0.0,2.4438074338339384e-08,0.9050162492982295,0.897662777260958,0.28895135118241755,0.1915387345008969,0.9795007991759631,0.0,1683.0,1235.0,
152,12558.7810,2.41e+12,1.0,0.0,1441.4725483074067,1185.2786356018282,1.81e+05,94234.99193902471,9252.159500168626,0.0,2.4386579520531717e-08,0.9054773511637931,0.8975519404873972,0.28910192131116,0.19153842645664032,0.9794355429716861,0.0,1683.0,1235.0,
153,12680.4550,2.41e+12,1.0,0.0,1441.4725483074067,1185.2786356018282,1.81e+05,94234.99193902471,9252.159500168626,0.0,2.4386579520531717e-08,0.9054773511637931,0.8975519404873972,0.28910192131116,0.19153842645664032,0.9794355429716861,0.0,1683.0,1235.0,
154,12806.5470,2.41e+12,1.0,0.0,1441.1830240394963,1187.9635745644764,1.81e+05,94313.27910995338,9274.556156936003,0.0,2.4375697948611248e-08,0.9049451422986772,0.8979852659768399,0.28893253240356015,0.19134242658877001,0.980116708442863,0.0,1683.0,1235.0,
155,12926.7110,2.41e+12,1.0,0.0,1441.1830240394963,1187.9635745644764,1.81e+05,94313.27910995338,9274.556156936003,0.0,2.4375697948611248e-08,0.9049451422986772,0.8979852659768399,0.28893253240356015,0.19134242658877001,0.980116708442863,0.0,1683.0,1235.0,
156,13047.0330,2.41e+12,1.0,0.0,1440.9283102231243,1186.3885337074375,1.81e+05,94316.06575952869,9260.619324733394,0.0,2.4354836954777506e-08,0.9048875557815352,0.8976915268750759,0.28893511511700076,0.1916004322919854,0.9798133124595698,0.0,1683.0,1235.0,
157,13164.6860,2.41e+12,1.0,0.0,1440.9283102231243,1186.3885337074375,1.81e+05,94316.06575952869,9260.619324733394,0.0,2.4354836954777506e-08,0.9048875557815352,0.8976915268750759,0.28893511511700076,0.1916004322919854,0.9798133124595698,0.0,1683.0,1235.0,
158,13296.3790,2.41e+12,1.0,0.0,1440.9283102231243,1186.3885337074375,1.81e+05,94316.06575952869,9260.619324733394,0.0,2.4354836954777506e-08,0.9048875557815352,0.8976915268750759,0.28893511511700076,0.1916004322919854,0.9798133124595698,0.0,1683.0,1235.0,
159,13421.3670,2.41e+12,1.0,0.0,1440.9283102231243,1186.3885337074375,1.81e+05,94316.06575952869,9260.619324733394,0.0,2.4354836954777506e-08,0.9048875557815352,0.8976915268750759,0.28893511511700076,0.1916004322919854,0.9798133124595698,0.0,1683.0,1235.0,
160,13553.6220,2.41e+12,1.0,0.0,1440.9283102231243,1186.3885337074375,1.81e+05,94316.06575952869,9260.619324733394,0.0,2.4354836954777506e-08,0.9048875557815352,0.8976915268750759,0.28893511511700076,0.1916004322919854,0.9798133124595698,0.0,1683.0,1235.0,
161,13677.6250,2.41e+12,1.0,0.0,1440.9283102231243,1186.3885337074375,1.81e+05,94316.06575952869,9260.619324733394,0.0,2.4354836954777506e-08,0.9048875557815352,0.8976915268750759,0.28893511511700076,0.1916004322919854,0.9798133124595698,0.0,1683.0,1235.0,
162,13800.4230,2.41e+12,1.0,0.0,1441.4136662798815,1185.4500400909274,1.81e+05,94281.85878998041,9262.907453269047,0.0,2.397904714337543e-08,0.9052188258772902,0.8975918538612884,0.2890500423316518,0.19158422129930083,0.9797408608229194,0.0,1683.0,1235.0,
163,13912.6320,2.41e+12,1.0,0.0,1441.4136662798815,1185.4500400909274,1.81e+05,94281.85878998041,9262.907453269047,0.0,2.397904714337543e-08,0.9052188258772902,0.8975918538612884,0.2890500423316518,0.19158422129930083,0.9797408608229194,0.0,1683.0,1235.0,
164,14043.8870,2.41e+12,1.0,0.0,1441.4136662798815,1185.4500400909274,1.81e+05,94281.85878998041,9262.907453269047,0.0,2.397904714337543e-08,0.9052188258772902,0.8975918538612884,0.2890500423316518,0.19158422129930083,0.9797408608229194,0.0,1683.0,1235.0,
165,14176.0390,2.41e+12,1.0,0.0,1441.155281592784,1184.4135961105403,1.81e+05,94307.18204254916,9253.692078925797,0.0,2.3828647233710708e-08,0.9049489354734246,0.8971903189034194,0.28902121233280803,0.19188788222088538,0.9795576638535051,0.0,1683.0,1235.0,
166,14309.1620,2.41e+12,1.0,0.0,1441.155281592784,1184.4135961105403,1.81e+05,94307.18204254916,9253.692078925797,0.0,2.3828647233710708e-08,0.9049489354734246,0.8971903189034194,0.28902121233280803,0.19188788222088538,0.9795576638535051,0.0,1683.0,1235.0,
167,14431.7000,2.41e+12,1.0,0.0,1441.155281592784,1184.4135961105403,1.81e+05,94307.18204254916,9253.692078925797,0.0,2.3828647233710708e-08,0.9049489354734246,0.8971903189034194,0.28902121233280803,0.19188788222088538,0.9795576638535051,0.0,1683.0,1235.0,
168,14554.1320,2.41e+12,1.0,0.0,1441.459445942558,1183.4657342086457,1.81e+05,94295.16070914976,9256.045742484144,0.0,2.3237217389203878e-08,0.9051787838367007,0.8972002135106918,0.2890879918707725,0.19188629967453108,0.9795783739352923,0.0,1683.0,1235.0,
169,14672.0170,2.41e+12,1.0,0.0,1441.459445942558,1183.4657342086457,1.81e+05,94295.16070914976,9256.045742484144,0.0,2.3237217389203878e-08,0.9051787838367007,0.8972002135106918,0.2890879918707725,0.19188629967453108,0.9795783739352923,0.0,1683.0,1235.0,
170,14799.9000,2.41e+12,1.0,0.0,1441.410998196799,1183.1274479523927,1.81e+05,94281.84205444052,9251.665939455042,0.0,2.3047119922122546e-08,0.9052429780064004,0.8971615935232765,0.28909782462848144,0.19193439690919295,0.9794405801172646,0.0,1683.0,1235.0,
171,14980.7070,2.41e+12,1.0,0.0,1441.7893696795504,1182.10163069315,1.81e+05,94325.92489362464,9263.10624972365,0.0,2.2692941934876168e-08,0.9051753645051138,0.897030633935977,0.28913487849034614,0.192065283246515,0.979753444726766,0.0,1683.0,1235.0,
172,15166.4680,2.41e+12,1.0,0.0,1441.7893696795504,1182.10163069315,1.81e+05,94325.92489362464,9263.10624972365,0.0,2.2692941934876168e-08,0.9051753645051138,0.897030633935977,0.28913487849034614,0.192065283246515,0.979753444726766,0.0,1683.0,1235.0,
173,15343.8470,2.41e+12,1.0,0.0,1441.7893696795504,1182.10163069315,1.81e+05,94325.92489362464,9263.10624972365,0.0,2.2692941934876168e-08,0.9051753645051138,0.897030633935977,0.28913487849034614,0.192065283246515,0.979753444726766,0.0,1683.0,1235.0,
174,15541.0460,2.41e+12,1.0,0.0,1441.7893696795504,1182.10163069315,1.81e+05,94325.92489362464,9263.10624972365,0.0,2.2692941934876168e-08,0.9051753645051138,0.897030633935977,0.28913487849034614,0.192065283246515,0.979753444726766,0.0,1683.0,1235.0,
175,15727.9050,2.41e+12,1.0,0.0,1441.7893696795504,1182.10163069315,1.81e+05,94325.92489362464,9263.10624972365,0.0,2.2692941934876168e-08,0.9051753645051138,0.897030633935977,0.28913487849034614,0.192065283246515,0.979753444726766,0.0,1683.0,1235.0,
176,15902.0080,2.41e+12,1.0,0.0,1441.7893696795504,1182.10163069315,1.81e+05,94325.92489362464,9263.10624972365,0.0,2.2692941934876168e-08,0.9051753645051138,0.897030633935977,0.28913487849034614,0.192065283246515,0.979753444726766,0.0,1683.0,1235.0,
177,16093.5030,2.41e+12,1.0,0.0,1441.7893696795504,1182.10163069315,1.81e+05,94325.92489362464,9263.10624972365,0.0,2.2692941934876168e-08,0.9051753645051138,0.897030633935977,0.28913487849034614,0.192065283246515,0.979753444726766,0.0,1683.0,1235.0,
178,16290.4730,2.41e+12,1.0,0.0,1441.7893696795504,1182.10163069315,1.81e+05,94325.92489362464,9263.10624972365,0.0,2.2692941934876168e-08,0.9051753645051138,0.897030633935977,0.28913487849034614,0.192065283246515,0.979753444726766,0.0,1683.0,1235.0,
179,16471.3090,2.41e+12,1.0,0.0,1441.7893696795504,1182.10163069315,1.81e+05,94325.92489362464,9263.10624972365,0.0,2.2692941934876168e-08,0.9051753645051138,0.897030633935977,0.28913487849034614,0.192065283246515,0.979753444726766,0.0,1683.0,1235.0,
180,16673.2490,2.41e+12,1.0,0.0,1441.735854927469,1181.3902343558948,1.81e+05,94316.91020360295,9256.737272976612,0.0,2.2673068243717854e-08,0.9051742902778899,0.8968318156073125,0.2891526369627704,0.19216963548416316,0.9795744020378236,0.0,1683.0,1235.0,
181,16808.1834,2.41e+12,1.0,0.0,1441.735854927469,1181.3902343558948,1.81e+05,94316.91020360295,9256.737272976612,0.0,2.2673068243717854e-08,0.9051742902778899,0.8968318156073125,0.2891526369627704,0.19216963548416316,0.9795744020378236,0.0,1683.0,1235.0,
182,16931.2140,2.41e+12,1.0,0.0,1442.2805835448385,1180.0594926509762,1.81e+05,94330.69398060344,9258.15506325538,0.0,2.256087064117248e-08,0.9052846954592588,0.8965125075599473,0.2892558690492343,0.19233109576209317,0.9796290534527509,0.0,1683.0,1235.0,
183,17033.0427,2.41e+12,1.0,0.0,1442.2786251400973,1178.2769894294431,1.81e+05,94337.7505186454,9257.905136953708,0.0,2.2230653632572256e-08,0.9052939594368685,0.8963314124753982,0.28927592094285653,0.19253892124750427,0.9795684748451089,0.0,1683.0,1235.0,
184,17154.3718,2.41e+12,1.0,0.0,1442.2753943005082,1178.6237894541844,1.81e+05,94309.77679576678,9251.860631073305,0.0,2.202010026572187e-08,0.9053604801064739,0.8962430691853558,0.2892970648786195,0.19250838423988598,0.9793633429192536,0.0,1683.0,1235.0,
185,17293.8338,2.41e+12,1.0,0.0,1442.2753943005082,1178.6237894541844,1.81e+05,94309.77679576678,9251.860631073305,0.0,2.202010026572187e-08,0.9053604801064739,0.8962430691853558,0.2892970648786195,0.19250838423988598,0.9793633429192536,0.0,1683.0,1235.0,
186,17428.9390,2.41e+12,1.0,0.0,1442.2753943005082,1178.6237894541844,1.81e+05,94309.77679576678,9251.860631073305,0.0,2.202010026572187e-08,0.9053604801064739,0.8962430691853558,0.2892970648786195,0.19250838423988598,0.9793633429192536,0.0,1683.0,1235.0,
187,17551.4610,2.41e+12,1.0,0.0,1442.2753943005082,1178.6237894541844,1.81e+05,94309.77679576678,9251.860631073305,0.0,2.202010026572187e-08,0.9053604801064739,0.8962430691853558,0.2892970648786195,0.19250838423988598,0.9793633429192536,0.0,1683.0,1235.0,
188,17678.0840,2.41e+12,1.0,0.0,1442.2753943005082,1178.6237894541844,1.81e+05,94309.77679576678,9251.860631073305,0.0,2.202010026572187e-08,0.9053604801064739,0.8962430691853558,0.2892970648786195,0.19250838423988598,0.9793633429192536,0.0,1683.0,1235.0,
189,17802.5110,2.41e+12,1.0,0.0,1442.2753943005082,1178.6237894541844,1.81e+05,94309.77679576678,9251.860631073305,0.0,2.202010026572187e-08,0.9053604801064739,0.8962430691853558,0.2892970648786195,0.19250838423988598,0.9793633429192536,0.0,1683.0,1235.0,
190,17928.8580,2.41e+12,1.0,0.0,1442.2753943005082,1178.6237894541844,1.81e+05,94309.77679576678,9251.860631073305,0.0,2.202010026572187e-08,0.9053604801064739,0.8962430691853558,0.2892970648786195,0.19250838423988598,0.9793633429192536,0.0,1683.0,1235.0,
191,18046.9210,2.41e+12,1.0,0.0,1442.2753943005082,1178.6237894541844,1.81e+05,94309.77679576678,9251.860631073305,0.0,2.202010026572187e-08,0.9053604801064739,0.8962430691853558,0.2892970648786195,0.19250838423988598,0.9793633429192536,0.0,1683.0,1235.0,
192,18170.4630,2.41e+12,1.0,0.0,1442.2753943005082,1178.6237894541844,1.81e+05,94309.77679576678,9251.860631073305,0.0,2.202010026572187e-08,0.9053604801064739,0.8962430691853558,0.2892970648786195,0.19250838423988598,0.9793633429192536,0.0,1683.0,1235.0,
193,18295.7930,2.41e+12,1.0,0.0,1442.2753943005082,1178.6237894541844,1.81e+05,94309.77679576678,9251.860631073305,0.0,2.202010026572187e-08,0.9053604801064739,0.8962430691853558,0.2892970648786195,0.19250838423988598,0.9793633429192536,0.0,1683.0,1235.0,
194,18433.3520,2.41e+12,1.0,0.0,1442.2753943005082,1178.6237894541844,1.81e+05,94309.77679576678,9251.860631073305,0.0,2.202010026572187e-08,0.9053604801064739,0.8962430691853558,0.2892970648786195,0.19250838423988598,0.9793633429192536,0.0,1683.0,1235.0,
195,18555.5310,2.41e+12,1.0,0.0,1442.2753943005082,1178.6237894541844,1.81e+05,94309.77679576678,9251.860631073305,0.0,2.202010026572187e-08,0.9053604801064739,0.8962430691853558,0.2892970648786195,0.19250838423988598,0.9793633429192536,0.0,1683.0,1235.0,
196,18678.0690,2.41e+12,1.0,0.0,1442.2753943005082,1178.6237894541844,1.81e+05,94309.77679576678,9251.860631073305,0.0,2.202010026572187e-08,0.9053604801064739,0.8962430691853558,0.2892970648786195,0.19250838423988598,0.9793633429192536,0.0,1683.0,1235.0,
197,18799.7530,2.41e+12,1.0,0.0,1442.2753943005082,1178.6237894541844,1.81e+05,94309.77679576678,9251.860631073305,0.0,2.202010026572187e-08,0.9053604801064739,0.8962430691853558,0.2892970648786195,0.19250838423988598,0.9793633429192536,0.0,1683.0,1235.0,
198,18923.0320,2.41e+12,1.0,0.0,1442.2971833682532,1177.9453774607323,1.81e+05,94314.90864460089,9254.88484975191,0.0,2.19678784646647e-08,0.9053636356081507,0.8962250644725075,0.28930369221869023,0.19255083581246255,0.9794219735646588,0.0,1683.0,1235.0,
199,19044.2350,2.41e+12,1.0,0.0,1442.2971833682532,1177.9453774607323,1.81e+05,94314.90864460089,9254.88484975191,0.0,2.19678784646647e-08,0.9053636356081507,0.8962250644725075,0.28930369221869023,0.19255083581246255,0.9794219735646588,0.0,1683.0,1235.0,
200,19184.9480,2.41e+12,1.0,0.0,1442.2971833682532,1177.9453774607323,1.81e+05,94314.90864460089,9254.88484975191,0.0,2.19678784646647e-08,0.9053636356081507,0.8962250644725075,0.28930369221869023,0.19255083581246255,0.9794219735646588,0.0,1683.0,1235.0,
201,19321.0030,2.41e+12,1.0,0.0,1442.2971833682532,1177.9453774607323,1.81e+05,94314.90864460089,9254.88484975191,0.0,2.19678784646647e-08,0.9053636356081507,0.8962250644725075,0.28930369221869023,0.19255083581246255,0.9794219735646588,0.0,1683.0,1235.0,
202,19448.0130,2.41e+12,1.0,0.0,1442.2971833682532,1177.9453774607323,1.81e+05,94314.90864460089,9254.88484975191,0.0,2.19678784646647e-08,0.9053636356081507,0.8962250644725075,0.28930369221869023,0.19255083581246255,0.9794219735646588,0.0,1683.0,1235.0,
203,19573.7060,2.41e+12,1.0,0.0,1442.2971833682532,1177.9453774607323,1.81e+05,94314.90864460089,9254.88484975191,0.0,2.19678784646647e-08,0.9053636356081507,0.8962250644725075,0.28930369221869023,0.19255083581246255,0.9794219735646588,0.0,1683.0,1235.0,
204,19691.6740,2.41e+12,1.0,0.0,1442.2971833682532,1177.9453774607323,1.81e+05,94314.90864460089,9254.88484975191,0.0,2.19678784646647e-08,0.9053636356081507,0.8962250644725075,0.28930369221869023,0.19255083581246255,0.9794219735646588,0.0,1683.0,1235.0,
205,19818.6160,2.41e+12,1.0,0.0,1441.8918398523665,1177.9477637293894,1.81e+05,94331.44902324714,9249.430988080232,0.0,2.1963481992493674e-08,0.9051576102921022,0.8961958044686595,0.2892345784183519,0.19265149485846897,0.9793287482024966,0.0,1683.0,1235.0,
206,19953.6860,2.41e+12,1.0,0.0,1441.8918398523665,1177.9477637293894,1.81e+05,94331.44902324714,9249.430988080232,0.0,2.1963481992493674e-08,0.9051576102921022,0.8961958044686595,0.2892345784183519,0.19265149485846897,0.9793287482024966,0.0,1683.0,1235.0,
207,20081.9660,2.41e+12,1.0,0.0,1441.8918398523665,1177.9477637293894,1.81e+05,94331.44902324714,9249.430988080232,0.0,2.1963481992493674e-08,0.9051576102921022,0.8961958044686595,0.2892345784183519,0.19265149485846897,0.9793287482024966,0.0,1683.0,1235.0,
208,20222.8760,2.41e+12,1.0,0.0,1441.8918398523665,1177.9477637293894,1.81e+05,94331.44902324714,9249.430988080232,0.0,2.1963481992493674e-08,0.9051576102921022,0.8961958044686595,0.2892345784183519,0.19265149485846897,0.9793287482024966,0.0,1683.0,1235.0,
209,20346.2850,2.41e+12,1.0,0.0,1441.8918398523665,1177.9477637293894,1.81e+05,94331.44902324714,9249.430988080232,0.0,2.1963481992493674e-08,0.9051576102921022,0.8961958044686595,0.2892345784183519,0.19265149485846897,0.9793287482024966,0.0,1683.0,1235.0,
210,20476.0930,2.41e+12,1.0,0.0,1441.8918398523665,1177.9477637293894,1.81e+05,94331.44902324714,9249.430988080232,0.0,2.1963481992493674e-08,0.9051576102921022,0.8961958044686595,0.2892345784183519,0.19265149485846897,0.9793287482024966,0.0,1683.0,1235.0,
211,20615.5160,2.41e+12,1.0,0.0,1441.8918398523665,1177.9477637293894,1.81e+05,94331.44902324714,9249.430988080232,0.0,2.1963481992493674e-08,0.9051576102921022,0.8961958044686595,0.2892345784183519,0.19265149485846897,0.9793287482024966,0.0,1683.0,1235.0,
212,20744.0370,2.41e+12,1.0,0.0,1441.8918398523665,1177.9477637293894,1.81e+05,94331.44902324714,9249.430988080232,0.0,2.1963481992493674e-08,0.9051576102921022,0.8961958044686595,0.2892345784183519,0.19265149485846897,0.9793287482024966,0.0,1683.0,1235.0,
213,20872.4524,2.41e+12,1.0,0.0,1441.8918398523665,1177.9477637293894,1.81e+05,94331.44902324714,9249.430988080232,0.0,2.1963481992493674e-08,0.9051576102921022,0.8961958044686595,0.2892345784183519,0.19265149485846897,0.9793287482024966,0.0,1683.0,1235.0,
214,21007.7439,2.41e+12,1.0,0.0,1441.8918398523665,1177.9477637293894,1.81e+05,94331.44902324714,9249.430988080232,0.0,2.1963481992493674e-08,0.9051576102921022,0.8961958044686595,0.2892345784183519,0.19265149485846897,0.9793287482024966,0.0,1683.0,1235.0,
215,21124.1526,2.41e+12,1.0,0.0,1441.8918398523665,1177.9477637293894,1.81e+05,94331.44902324714,9249.430988080232,0.0,2.1963481992493674e-08,0.9051576102921022,0.8961958044686595,0.2892345784183519,0.19265149485846897,0.9793287482024966,0.0,1683.0,1235.0,
216,21245.9750,2.41e+12,1.0,0.0,1441.8918398523665,1177.9477637293894,1.81e+05,94331.44902324714,9249.430988080232,0.0,2.1963481992493674e-08,0.9051576102921022,0.8961958044686595,0.2892345784183519,0.19265149485846897,0.9793287482024966,0.0,1683.0,1235.0,
217,21378.5570,2.41e+12,1.0,0.0,1442.2696428210852,1174.9976458351455,1.81e+05,94333.5286615894,9243.648793809798,0.0,2.1916160040322964e-08,0.9052914060294832,0.8956634841685126,0.2893491777271956,0.193016470144306,0.9791302001620055,0.0,1683.0,1235.0,
218,21511.4690,2.41e+12,1.0,0.0,1442.2696428210852,1174.9976458351455,1.81e+05,94333.5286615894,9243.648793809798,0.0,2.1916160040322964e-08,0.9052914060294832,0.8956634841685126,0.2893491777271956,0.193016470144306,0.9791302001620055,0.0,1683.0,1235.0,
219,21648.4620,2.41e+12,1.0,0.0,1442.2696428210852,1174.9976458351455,1.81e+05,94333.5286615894,9243.648793809798,0.0,2.1916160040322964e-08,0.9052914060294832,0.8956634841685126,0.2893491777271956,0.193016470144306,0.9791302001620055,0.0,1683.0,1235.0,
220,21775.5570,2.41e+12,1.0,0.0,1442.2696428210852,1174.9976458351455,1.81e+05,94333.5286615894,9243.648793809798,0.0,2.1916160040322964e-08,0.9052914060294832,0.8956634841685126,0.2893491777271956,0.193016470144306,0.9791302001620055,0.0,1683.0,1235.0,
221,21910.9500,2.41e+12,1.0,0.0,1442.2696428210852,1174.9976458351455,1.81e+05,94333.5286615894,9243.648793809798,0.0,2.1916160040322964e-08,0.9052914060294832,0.8956634841685126,0.2893491777271956,0.193016470144306,0.9791302001620055,0.0,1683.0,1235.0,
222,22032.2370,2.41e+12,1.0,0.0,1442.2696428210852,1174.9976458351455,1.81e+05,94333.5286615894,9243.648793809798,0.0,2.1916160040322964e-08,0.9052914060294832,0.8956634841685126,0.2893491777271956,0.193016470144306,0.9791302001620055,0.0,1683.0,1235.0,
223,22167.5580,2.41e+12,1.0,0.0,1442.2696428210852,1174.9976458351455,1.81e+05,94333.5286615894,9243.648793809798,0.0,2.1916160040322964e-08,0.9052914060294832,0.8956634841685126,0.2893491777271956,0.193016470144306,0.9791302001620055,0.0,1683.0,1235.0,
224,22305.2580,2.41e+12,1.0,0.0,1442.2696428210852,1174.9976458351455,1.81e+05,94333.5286615894,9243.648793809798,0.0,2.1916160040322964e-08,0.9052914060294832,0.8956634841685126,0.2893491777271956,0.193016470144306,0.9791302001620055,0.0,1683.0,1235.0,
225,22437.6460,2.41e+12,1.0,0.0,1442.2696428210852,1174.9976458351455,1.81e+05,94333.5286615894,9243.648793809798,0.0,2.1916160040322964e-08,0.9052914060294832,0.8956634841685126,0.2893491777271956,0.193016470144306,0.9791302001620055,0.0,1683.0,1235.0,
226,22560.9940,2.41e+12,1.0,0.0,1442.3818154287028,1177.0235957216985,1.81e+05,94337.18101466988,9254.416283586539,0.0,2.1912750082873395e-08,0.9053183903502942,0.8960722143493535,0.289320595403188,0.1927048808660975,0.97944439571811,0.0,1683.0,1235.0,
227,22687.6690,2.41e+12,1.0,0.0,1442.3818154287028,1177.0235957216985,1.81e+05,94337.18101466988,9254.416283586539,0.0,2.1912750082873395e-08,0.9053183903502942,0.8960722143493535,0.289320595403188,0.1927048808660975,0.97944439571811,0.0,1683.0,1235.0,
228,22812.9430,2.41e+12,1.0,0.0,1442.2175557989863,1176.3581696917408,1.81e+05,94337.75123095018,9247.955169638837,0.0,2.190169427573823e-08,0.9052397189334196,0.8958774687893727,0.2893136065985006,0.19284969079932618,0.9792662806481167,0.0,1683.0,1235.0,
229,22946.7540,2.41e+12,1.0,0.0,1442.2175557989863,1176.3581696917408,1.81e+05,94337.75123095018,9247.955169638837,0.0,2.190169427573823e-08,0.9052397189334196,0.8958774687893727,0.2893136065985006,0.19284969079932618,0.9792662806481167,0.0,1683.0,1235.0,
230,23071.7140,2.41e+12,1.0,0.0,1442.2175557989863,1176.3581696917408,1.81e+05,94337.75123095018,9247.955169638837,0.0,2.190169427573823e-08,0.9052397189334196,0.8958774687893727,0.2893136065985006,0.19284969079932618,0.9792662806481167,0.0,1683.0,1235.0,
231,23214.1400,2.41e+12,1.0,0.0,1442.2175557989863,1176.3581696917408,1.81e+05,94337.75123095018,9247.955169638837,0.0,2.190169427573823e-08,0.9052397189334196,0.8958774687893727,0.2893136065985006,0.19284969079932618,0.9792662806481167,0.0,1683.0,1235.0,
232,23343.7310,2.41e+12,1.0,0.0,1442.2175557989863,1176.3581696917408,1.81e+05,94337.75123095018,9247.955169638837,0.0,2.190169427573823e-08,0.9052397189334196,0.8958774687893727,0.2893136065985006,0.19284969079932618,0.9792662806481167,0.0,1683.0,1235.0,
233,23475.8700,2.41e+12,1.0,0.0,1442.2175557989863,1176.3581696917408,1.81e+05,94337.75123095018,9247.955169638837,0.0,2.190169427573823e-08,0.9052397189334196,0.8958774687893727,0.2893136065985006,0.19284969079932618,0.9792662806481167,0.0,1683.0,1235.0,
234,23578.2910,2.41e+12,1.0,0.0,1442.2579013236164,1176.1162128585397,1.81e+05,94333.556533772,9248.883853309817,0.0,2.1720596592705442e-08,0.9052540295867009,0.8958340665124852,0.28932379672165176,0.19286342322154748,0.979261639605878,0.0,1683.0,1235.0,
235,23699.5570,2.41e+12,1.0,0.0,1442.228288934517,1175.8439030188608,1.81e+05,94332.10828989535,9248.365238896156,0.0,2.17135238267508e-08,0.9052626702518234,0.8958213677429699,0.28932472942053167,0.19288956836300816,0.9792388443079852,0.0,1683.0,1235.0,
236,23826.8830,2.41e+12,1.0,0.0,1442.228288934517,1175.8439030188608,1.81e+05,94332.10828989535,9248.365238896156,0.0,2.17135238267508e-08,0.9052626702518234,0.8958213677429699,0.28932472942053167,0.19288956836300816,0.9792388443079852,0.0,1683.0,1235.0,
237,23955.9190,2.41e+12,1.0,0.0,1442.228288934517,1175.8439030188608,1.81e+05,94332.10828989535,9248.365238896156,0.0,2.17135238267508e-08,0.9052626702518234,0.8958213677429699,0.28932472942053167,0.19288956836300816,0.9792388443079852,0.0,1683.0,1235.0,
238,24093.1450,2.41e+12,1.0,0.0,1442.228288934517,1175.8439030188608,1.81e+05,94332.10828989535,9248.365238896156,0.0,2.17135238267508e-08,0.9052626702518234,0.8958213677429699,0.28932472942053167,0.19288956836300816,0.9792388443079852,0.0,1683.0,1235.0,
239,24228.1940,2.41e+12,1.0,0.0,1442.228288934517,1175.8439030188608,1.81e+05,94332.10828989535,9248.365238896156,0.0,2.17135238267508e-08,0.9052626702518234,0.8958213677429699,0.28932472942053167,0.19288956836300816,0.9792388443079852,0.0,1683.0,1235.0,
240,24351.7530,2.41e+12,1.0,0.0,1442.228288934517,1175.8439030188608,1.81e+05,94332.10828989535,9248.365238896156,0.0,2.17135238267508e-08,0.9052626702518234,0.8958213677429699,0.28932472942053167,0.19288956836300816,0.9792388443079852,0.0,1683.0,1235.0,
241,24479.9590,2.41e+12,1.0,0.0,1442.228288934517,1175.8439030188608,1.81e+05,94332.10828989535,9248.365238896156,0.0,2.17135238267508e-08,0.9052626702518234,0.8958213677429699,0.28932472942053167,0.19288956836300816,0.9792388443079852,0.0,1683.0,1235.0,
242,24611.5580,2.41e+12,1.0,0.0,1442.228288934517,1175.8439030188608,1.81e+05,94332.10828989535,9248.365238896156,0.0,2.17135238267508e-08,0.9052626702518234,0.8958213677429699,0.28932472942053167,0.19288956836300816,0.9792388443079852,0.0,1683.0,1235.0,
243,24746.6610,2.41e+12,1.0,0.0,1442.228288934517,1175.8439030188608,1.81e+05,94332.10828989535,9248.365238896156,0.0,2.17135238267508e-08,0.9052626702518234,0.8958213677429699,0.28932472942053167,0.19288956836300816,0.9792388443079852,0.0,1683.0,1235.0,
244,24877.9640,2.41e+12,1.0,0.0,1442.228288934517,1175.8439030188608,1.81e+05,94332.10828989535,9248.365238896156,0.0,2.17135238267508e-08,0.9052626702518234,0.8958213677429699,0.28932472942053167,0.19288956836300816,0.9792388443079852,0.0,1683.0,1235.0,
245,25014.4304,2.41e+12,1.0,0.0,1442.228288934517,1175.8439030188608,1.81e+05,94332.10828989535,9248.365238896156,0.0,2.17135238267508e-08,0.9052626702518234,0.8958213677429699,0.28932472942053167,0.19288956836300816,0.9792388443079852,0.0,1683.0,1235.0,
246,25147.4171,2.41e+12,1.0,0.0,1442.228288934517,1175.8439030188608,1.81e+05,94332.10828989535,9248.365238896156,0.0,2.17135238267508e-08,0.9052626702518234,0.8958213677429699,0.28932472942053167,0.19288956836300816,0.9792388443079852,0.0,1683.0,1235.0,
247,25274.7270,2.41e+12,1.0,0.0,1442.228288934517,1175.8439030188608,1.81e+05,94332.10828989535,9248.365238896156,0.0,2.17135238267508e-08,0.9052626702518234,0.8958213677429699,0.28932472942053167,0.19288956836300816,0.9792388443079852,0.0,1683.0,1235.0,
248,25397.4550,2.41e+12,1.0,0.0,1442.228288934517,1175.8439030188608,1.81e+05,94332.10828989535,9248.365238896156,0.0,2.17135238267508e-08,0.9052626702518234,0.8958213677429699,0.28932472942053167,0.19288956836300816,0.9792388443079852,0.0,1683.0,1235.0,
249,25535.4550,2.41e+12,1.0,0.0,1442.228288934517,1175.8439030188608,1.81e+05,94332.10828989535,9248.365238896156,0.0,2.17135238267508e-08,0.9052626702518234,0.8958213677429699,0.28932472942053167,0.19288956836300816,0.9792388443079852,0.0,1683.0,1235.0,
250,25670.3740,2.41e+12,1.0,0.0,1442.228288934517,1175.8439030188608,1.81e+05,94332.10828989535,9248.365238896156,0.0,2.17135238267508e-08,0.9052626702518234,0.8958213677429699,0.28932472942053167,0.19288956836300816,0.9792388443079852,0.0,1683.0,1235.0,
